ra,dec,w1mpro,w2mpro,separation_arcsec
150.7183554,9.075294,17.25,16.125,1368.994417123388
150.7076184,9.2064271,17.222,16.825,1132.4952226112903
150.7469159,9.0453283,15.671,15.586,1514.035697691736
150.614134,9.0873905,14.08,14.125,1052.9121803127227
150.3946016,9.2201084,14.389,14.242,138.65215481937622
150.4960969,9.0547834,14.918,15.062,780.8617885474345
150.4187696,9.0160238,15.217,15.241,653.6236571940727
150.4859893,9.0285025,15.546,15.176,812.303700765588
149.5488545,9.4166745,17.541,17.234,2481.073288968462
149.5260633,9.4982977,17.515,16.868,2623.6780344102103
149.5943484,9.4880688,17.636,16.557,2380.3677305388446
150.4608167,9.1731202,17.528,16.398,428.15767697790864
150.3371576,9.0466225,17.001,16.984,377.3054730816737
150.3114915,9.0483125,17.391,16.016,330.9586413094836
150.3536103,9.1003749,17.022,16.659,284.2037325166951
150.4290682,9.1718436,17.709,16.945,343.39594790026314
150.3303389,9.1782478,17.507,16.547,50.0027305228974
150.3038783,9.1163606,17.181,16.924,108.60076432853775
150.087258,9.2022098,15.869,15.356,614.6222913174018
150.1210974,9.2428755,15.951,16.466,467.80516089177763
150.0336696,9.0575464,16.377,16.816,880.5996077150546
149.8542357,9.1917703,15.644,15.583,1420.5146934278391
149.6585945,9.1012737,16.1,16.354,2159.7007151578646
149.8234631,9.0917363,15.937,14.903,1584.7955133147254
149.6928679,9.1331195,16.766,15.889,2027.889874318293
149.8758502,9.0776912,16.704,16.389,1413.0455322488087
149.4902689,9.0180643,15.571,15.391,2798.1235615206656
149.3998832,9.0643756,15.642,15.571,3088.6875099044
149.6056214,9.053776,14.23,14.307,2371.1714397612814
150.756084,9.2085019,17.589,16.739,1297.6335485466284
150.6782096,9.0919904,17.489,17.078,1217.6571576368824
150.442047,9.1631485,14.757,14.888,398.9137227094074
150.2692591,9.0533862,15.068,14.834,279.06117811835213
150.0039111,9.2286165,16.346,15.889,873.1210837218549
150.0686932,9.2165753,16.396,16.178,676.6965541321828
150.0137602,9.2282355,16.523,16.315,840.3244251463186
150.2809798,9.4245233,14.617,14.588,426.87971302854186
150.004889,9.4406026,14.863,14.846,964.089515683842
150.1953729,9.530934,15.073,15.062,829.4407961031801
150.1173833,9.4405914,15.758,15.422,654.2189330719309
150.1627389,9.4308662,15.637,15.183,531.7172208485804
150.3972974,9.0425992,17.36,17.182,533.7856656120157
149.983646,9.195103,16.661,16.376,982.6597360987673
150.2821994,9.026156,16.557,16.519,379.5659033861578
149.8475856,9.3435979,17.404,16.821,1393.8227331550283
149.9254812,9.4329214,17.254,17.093,1203.777569065059
149.8291529,9.3849647,17.419,16.695,1481.1982405086571
149.7344143,9.5389783,17.583,15.904,1979.1716866908337
149.8922676,9.4678739,16.844,16.867,1363.106714610412
149.7962399,9.4944206,17.219,17.101,1712.854907388692
150.7766166,9.152241,16.445,16.327,1426.0240898004733
150.6656903,9.0189404,16.443,15.873,1343.4149481850984
150.8687453,9.2194598,16.31,16.08,1682.711147693039
149.713531,9.0903914,18.292,16.229,1971.2153336526558
149.763137,9.0854291,17.479,17.163,1799.9168760723674
149.8781531,9.1539947,17.496,16.84,1366.1627422688061
149.7585437,9.0874555,17.677,17.326,1814.792646797272
150.1186504,9.2856227,14.143,13.965,427.8923426695483
149.9845576,9.2548767,14.51,13.998,916.2687884749303
150.1338419,9.4837011,15.32,15.362,747.7660653905832
150.1942019,9.4942052,14.897,14.796,702.954418736614
150.0284066,9.414071,17.148,16.857,844.2901847106053
150.5561743,9.4220113,16.041,16.634,682.2582779817723
150.3222181,9.4744228,16.197,15.826,598.5552727292052
150.4445788,9.2446313,16.383,16.106,226.34150328274308
150.5620519,9.5475206,16.565,16.621,1032.8620710310258
150.3140793,9.4378252,16.451,16.253,471.6186240182323
150.5822741,9.2493344,16.588,16.364,662.7863049047329
150.308815,9.4858819,16.936,15.992,645.3451478738666
150.4219043,9.3723113,16.951,16.166,244.0790419488951
150.5311807,9.3082118,17.342,16.607,453.52884388309883
150.5301802,9.3569611,17.396,16.954,484.5640675641634
150.3469474,9.293979,17.573,17.133,13.489730852755924
150.6483683,9.4364878,16.054,15.9,986.754577928852
150.6789768,9.3675985,16.149,16.032,1002.523040108656
150.7308354,9.532702,16.343,16.368,1418.2868854961011
150.8686331,9.2610074,16.833,15.287,1660.7209208818053
150.7763525,9.4185904,16.969,16.884,1383.9053482409508
150.6422,9.49919,16.959,16.937,1094.238388924128
150.8442016,9.3521573,17.421,17.159,1573.8727585876914
150.7897471,9.5061503,17.376,16.738,1547.7914301515173
150.6971988,9.5058904,17.65,16.167,1265.1560518023266
150.7652394,9.303118,17.176,16.819,1285.1095568608766
150.8440981,9.1684626,17.466,16.899,1636.4016385735863
150.6083603,9.1462983,17.562,17.08,902.0168674977795
150.8031469,9.1705086,17.5,16.438,1494.5356601458038
149.5797514,9.4220206,16.722,16.538,2376.270707491411
150.4507403,9.1706566,14.209,14.097,404.4787261546472
149.5598173,9.3966494,16.876,16.56,2431.7112928898214
150.5824138,9.2358252,14.52,14.427,675.6404381405803
150.6266007,9.1783699,17.234,16.528,898.6836963173888
149.6273292,9.3139241,16.853,17.074,2169.057477024325
149.5631251,9.4834534,16.965,16.99,2482.645776498571
150.4794317,9.1488643,16.952,16.336,533.1325563873883
150.5832191,9.1185798,16.791,16.496,895.8938224698853
150.4783172,9.1400204,16.999,16.388,550.3036695319236
149.9944012,9.5536995,17.411,17.229,1249.4761262514655
150.1406322,9.2899937,17.761,16.857,348.3549593017241
150.0146593,9.5495296,17.327,16.641,1189.5970510164607
149.8888031,9.389506,17.066,16.383,1278.118704336996
149.8909523,9.4802361,17.503,16.61,1387.1851255387253
150.8371293,9.4050882,14.205,14.203,1580.1821320640743
150.6090465,9.4853447,16.288,16.006,972.1745595102063
150.6065946,9.2691959,16.0,16.127,734.1750881700061
150.7724535,9.5134137,16.125,15.837,1506.3452931542538
150.8189149,9.3877615,16.362,16.241,1503.9279651081606
150.7620299,9.4321474,17.196,16.925,1350.7679636624412
150.8409616,9.4010581,17.503,17.288,1590.3094320905022
150.7210114,9.4454917,16.99,16.727,1233.0021989731197
150.8779992,9.5493437,17.167,16.958,1897.5205470544706
150.7444407,9.303467,16.493,15.881,1211.2097061942177
150.8802082,9.7021312,14.323,14.068,2210.9171011927237
150.6591651,9.6249209,14.919,14.84,1460.8588930235487
150.864334,9.7836605,17.094,16.906,2370.883979107404
150.7541385,9.7194324,17.27,16.583,1937.6101585152085
150.6883771,9.6312322,17.199,16.99,1544.5728157837418
150.6211935,9.7051139,17.599,17.106,1628.3617874167815
149.9116707,9.2268595,17.603,17.009,1190.736912966273
149.6915594,9.0715234,17.396,16.787,2059.1854176004395
149.7518168,9.0966731,17.566,16.785,1833.2759555684804
149.6821594,9.0082434,17.457,16.99,2135.8870437770147
150.4938097,9.0996439,16.422,16.416,680.4176594176678
150.7337593,9.0810412,17.314,16.993,1403.3332449819745
150.4879564,9.0217749,16.529,16.329,832.7266906793708
149.4105604,9.3115146,17.164,17.016,2938.964017801246
149.4190007,9.3123942,17.062,16.55,2909.011755117778
149.6380946,9.4320504,17.077,16.793,2180.1207469344413
149.623752,9.4604999,17.036,16.793,2253.3902379644037
149.3644644,9.405969,16.886,16.421,3124.1866111036366
150.7622572,9.8044504,17.596,16.871,2197.521641786977
150.7535716,9.8234475,17.191,17.269,2236.30561480978
150.8505323,9.8232179,17.068,16.274,2443.7496586419147
150.6844707,9.7205869,16.796,16.865,1792.2160620510995
150.788882,9.5975558,17.21,16.371,1722.4681121452138
150.5736189,9.2325796,16.673,16.234,649.3922197224092
150.5797906,9.0643321,16.898,16.029,1001.8071708768659
150.3395931,9.2176408,16.814,16.287,53.41401430352815
150.0188719,9.1034148,16.48,17.204,897.641028567447
150.1384143,9.0475788,16.205,15.997,555.6547085038779
150.091009,9.1376235,16.59,16.064,619.6189908912949
150.1027013,9.1712437,16.415,15.954,566.8572261800805
150.0230293,9.1182345,16.628,16.456,870.3936379059141
150.0625447,9.0198225,17.502,17.168,838.9045397147358
150.1885147,9.1346578,17.544,17.16,289.9217971945943
150.6428591,9.7659131,17.023,16.697,1857.8431410328208
150.6422805,9.6456502,16.99,16.837,1484.993170880054
150.76413,9.8382722,17.474,16.494,2301.488923869654
150.6805538,9.7873035,17.223,16.808,1989.2783426781066
